event_id,user_id,event_type,timestamp,sku_id,price_usd,recipient_id,platform,user_type,updated_at
evt_0022800,usr_0690,app_open,2026-03-29 08:42:00,,,,ios,b2c,2026-03-29 08:46:40
evt_0014130,usr_0435,add_to_cart,2026-03-29 22:17:00,SKU004,55.0,,android,b2c,2026-03-29 22:23:33
evt_0017106,usr_0522,product_view,2026-03-29 20:37:00,SKU010,95.0,,web,b2b,2026-03-29 20:43:12
evt_0014939,usr_0461,app_open,2026-03-29 09:02:00,,,,android,b2b,2026-03-29 09:07:36
evt_0018876,usr_0578,app_open,2026-03-29 11:18:00,,,,ios,b2c,2026-03-29 11:18:30
evt_0022842,usr_0690,product_view,2026-03-29 17:44:00,SKU018,78.0,,ios,b2c,2026-03-29 17:52:29
evt_0022829,usr_0690,app_open,2026-03-28 16:09:00,,,,ios,b2c,2026-03-28 16:18:18
evt_0014458,usr_0446,app_open,2026-03-29 05:56:00,,,,web,b2c,2026-03-29 06:00:17
evt_0018607,usr_0571,add_to_cart,,SKU030,46.0,,android,b2c,2026-03-29 23:59:00
evt_0003420,usr_0100,app_open,2026-03-29 21:01:00,,,,ios,b2c,2026-03-29 21:06:12
evt_0001777,usr_0049,add_to_cart,2026-03-29 08:17:00,SKU006,49.0,,ios,b2c,2026-03-29 08:18:00
evt_0022792,usr_0690,purchase,2026-03-29 17:57:00,SKU022,72.0,,ios,b2c,2026-03-29 18:04:35
evt_0019662,usr_0608,app_open,2026-03-29 04:37:00,,,,ios,b2c,2026-03-29 04:46:13
evt_0011268,usr_0343,add_to_cart,2026-03-29 07:00:00,SKU012,48.0,,ios,b2c,2026-03-29 07:04:07
evt_0013076,usr_0418,product_view,2026-03-28 19:34:00,SKU018,78.0,,android,b2c,2026-03-28 19:42:20
evt_0012041,usr_0372,app_open,2026-03-29 08:07:00,,,,ios,b2c,2026-03-29 08:08:32
evt_0022866,usr_0691,gift_send,2026-03-29 12:26:00,SKU020,38.0,rec_0168,ios,b2c,2026-03-29 12:26:37
evt_0016351,usr_0498,app_open,2026-03-29 12:06:00,,,,web,b2c,2026-03-29 12:12:28
evt_0023112,usr_0695,product_view,2026-03-29 18:50:00,SKU003,38.0,,android,b2c,2026-03-29 18:50:18
evt_0003796,usr_0106,add_to_cart,2026-03-29 10:47:00,SKU030,46.0,,ios,b2b,2026-03-29 10:47:40
evt_0014991,usr_0464,product_view,2026-03-29 10:36:00,SKU005,42.0,,web,b2c,2026-03-29 10:40:19
evt_0024756,usr_0736,product_view,2026-03-29 10:20:00,SKU006,49.0,,ios,b2c,2026-03-29 10:21:05
evt_0090012,usr_0512,add_to_cart,2026-03-29 20:17:00,SKU031,72.0,,android,b2c,2026-03-29 20:19:00
evt_0005524,usr_0162,purchase,2026-03-29 19:37:00,SKU023,35.0,,android,b2c,2026-03-29 19:39:20
evt_0000446,usr_0011,app_open,2026-03-29 08:58:00,,,,web,b2b,2026-03-29 09:05:30
evt_0025479,usr_0764,app_open,2026-03-29 08:20:00,,,,ios,b2b,2026-03-29 08:28:49
evt_0004572,usr_0134,add_to_cart,2026-03-29 05:03:00,SKU022,72.0,,web,b2c,2026-03-29 05:06:06
evt_0015710,usr_0483,app_open,2026-03-28 16:49:00,,,,android,b2c,2026-03-28 16:57:24
evt_0022872,usr_0691,GIFT_SEND,2026-03-29 04:43:00,SKU020,38.0,rec_0208,ios,b2c,2026-03-29 04:47:13
evt_0012199,usr_0379,product_view,2026-03-29 06:55:00,SKU016,120.0,,ios,b2c,2026-03-29 06:59:33
evt_0007849,usr_0252,product_view,2026-03-29 03:54:00,SKU001,65.0,,web,b2b,2026-03-29 03:58:11
evt_0003338,usr_0098,product_view,2026-03-29 00:45:00,SKU004,55.0,,ios,b2c,2026-03-29 00:53:01
evt_0003222,usr_0097,product_view,2026-03-29 09:09:00,SKU012,48.0,,ios,b2b,2026-03-29 09:17:14
evt_0004456,usr_0124,app_open,,,,,ios,b2c,2026-03-29 23:59:00
evt_0010429,usr_0322,GIFT_SEND,2026-03-29 08:45:00,SKU028,65.0,rec_0146,android,b2b,2026-03-29 08:46:58
evt_0002417,usr_0069,product_view,2026-03-29 22:11:00,SKU027,58.0,,web,b2b,2026-03-29 22:13:15
evt_0000473,usr_0011,GIFT_SEND,2026-03-29 01:56:00,SKU008,55.0,rec_0132,web,b2b,2026-03-29 02:03:38
evt_0020308,usr_0630,product_view,2026-03-29 09:24:00,SKU002,45.0,,android,b2c,2026-03-29 09:32:44
evt_0022370,usr_0683,product_view,2026-03-29 14:21:00,SKU028,65.0,,android,b2c,2026-03-29 14:30:51
evt_0015438,usr_0471,app_open,2026-03-29 22:46:00,,,,web,b2b,2026-03-29 22:49:50
evt_0010793,usr_0330,app_open,2026-03-29 01:53:00,,,,ios,b2b,2026-03-29 01:55:53
evt_0013030,usr_0418,add_to_cart,2026-03-29 13:09:00,SKU018,78.0,,android,b2c,2026-03-29 13:12:40
evt_0009153,usr_0291,app_open,2026-03-29 01:21:00,,,,ios,b2c,2026-03-29 01:26:46
evt_0024118,usr_0716,app_open,2026-03-29 11:10:00,,,,android,b2c,2026-03-29 11:12:33
evt_0006958,usr_0218,app_open,2026-03-29 05:14:00,,,,android,b2b,2026-03-29 05:16:24
evt_0022805,usr_0690,app_open,2026-03-29 11:20:00,,,,ios,b2c,2026-03-29 11:24:25
evt_0022416,usr_0683,app_open,2026-03-28 11:42:00,,,,android,b2c,2026-03-28 11:49:02
evt_0009224,usr_0291,app_open,2026-03-29 06:14:00,,,,ios,b2c,2026-03-29 06:21:06
evt_0009194,usr_0291,GIFT_SEND,2026-03-29 00:27:00,SKU030,46.0,rec_0224,ios,b2c,2026-03-29 00:36:25
evt_0022889,usr_0691,product_view,2026-03-29 02:58:00,SKU020,38.0,,ios,b2c,2026-03-29 03:03:09
evt_0015228,usr_0466,purchase,2026-03-28 02:45:00,SKU013,32.0,,ios,b2c,2026-03-28 02:54:30
evt_0022871,usr_0691,app_open,2026-03-29 23:15:00,,,,ios,b2c,2026-03-29 23:16:45
evt_0012506,usr_0398,product_view,2026-03-29 05:26:00,SKU017,68.0,,android,b2b,2026-03-29 05:32:21
evt_0022836,usr_0690,purchase,2026-03-29 23:03:00,SKU026,48.0,,ios,b2c,2026-03-29 23:04:19
evt_0018572,usr_0571,add_to_cart,2026-03-29 05:51:00,SKU019,55.0,,android,b2c,2026-03-29 05:52:24
evt_0014875,usr_0457,app_open,2026-03-29 23:34:00,,,,ios,b2c,2026-03-29 23:43:51
evt_0009216,usr_0291,gift_send,2026-03-29 09:16:00,SKU006,49.0,rec_0222,ios,b2c,2026-03-29 09:18:14
evt_0014449,usr_0446,add_to_cart,2026-03-29 09:59:00,SKU010,95.0,,web,b2c,2026-03-29 10:07:43
evt_0016703,usr_0506,add_to_cart,2026-03-28 12:35:00,SKU001,65.0,,web,b2c,2026-03-28 12:42:11
evt_0024089,usr_0716,app_open,2026-03-28 03:56:00,,,,android,b2c,2026-03-28 04:02:47
evt_0003391,usr_0100,app_open,2026-03-29 09:49:00,,,,ios,b2c,2026-03-29 09:55:58
evt_0018212,usr_0559,app_open,2026-03-29 16:07:00,,,,android,b2c,2026-03-29 16:11:51
evt_0012245,usr_0382,product_view,2026-03-29 12:03:00,SKU005,42.0,,android,b2c,2026-03-29 12:06:52
evt_0024037,usr_0716,app_open,2026-03-29 07:31:00,,,,android,b2c,2026-03-29 07:34:03
evt_0003593,usr_0101,app_open,2026-03-28 14:53:00,,,,android,b2c,2026-03-28 14:58:21
evt_0009226,usr_0291,add_to_cart,2026-03-29 11:29:00,SKU013,32.0,,ios,b2c,2026-03-29 11:31:07
evt_0018080,usr_0556,app_open,2026-03-29 06:06:00,,,,ios,b2b,2026-03-29 06:06:55
evt_0007551,usr_0241,app_open,2026-03-29 06:33:00,,,,web,b2b,2026-03-29 06:36:35
evt_0020088,usr_0622,product_view,2026-03-29 16:54:00,SKU019,55.0,,ios,b2c,2026-03-29 16:58:12
evt_0014467,usr_0446,app_open,2026-03-29 20:44:00,,,,web,b2c,2026-03-29 20:51:54
evt_0024034,usr_0716,product_view,2026-03-29 18:04:00,SKU018,78.0,,android,b2c,2026-03-29 18:10:58
evt_0005125,usr_0155,app_open,2026-03-28 10:29:00,,,,ios,b2c,2026-03-28 10:34:30
evt_0004140,usr_0114,add_to_cart,2026-03-29 20:12:00,SKU016,120.0,,android,b2c,2026-03-29 20:18:37
evt_0005165,usr_0156,app_open,2026-03-29 15:20:00,,,,android,b2c,2026-03-29 15:28:50
evt_0017354,usr_0527,product_view,2026-03-29 14:47:00,SKU018,78.0,,ios,b2b,2026-03-29 14:48:43
evt_0004281,usr_0118,product_view,2026-03-29 03:16:00,SKU014,40.0,,web,b2b,2026-03-29 03:19:34
evt_0014485,usr_0446,app_open,2026-03-29 20:16:00,,,,web,b2c,2026-03-29 20:21:41
evt_0007212,usr_0232,app_open,2026-03-29 08:01:00,,,,android,b2c,2026-03-29 08:10:47
evt_0013049,usr_0418,app_open,2026-03-29 13:35:00,,,,android,b2c,2026-03-29 13:42:10
evt_0018125,usr_0556,app_open,2026-03-29 08:57:00,,,,ios,b2b,2026-03-29 09:00:19
evt_0006739,usr_0209,product_view,2026-03-29 06:44:00,SKU010,95.0,,ios,b2c,2026-03-29 06:45:35
evt_0021935,usr_0670,app_open,2026-03-29 02:12:00,,,,ios,b2c,2026-03-29 02:14:02
evt_0010151,usr_0315,app_open,2026-03-29 11:59:00,,,,android,b2c,2026-03-29 12:01:28
evt_0008235,usr_0269,product_view,2026-03-28 13:46:00,SKU013,32.0,,ios,b2c,2026-03-28 13:52:37
evt_0000710,usr_0017,add_to_cart,2026-03-29 07:13:00,SKU029,82.0,,android,b2c,2026-03-29 07:21:32
evt_0022299,usr_0683,app_open,2026-03-29 20:06:00,,,,android,b2c,2026-03-29 20:08:09
evt_0011705,usr_0359,add_to_cart,2026-03-29 18:11:00,SKU018,78.0,,android,b2c,2026-03-29 18:17:09
evt_0005785,usr_0177,product_view,2026-03-29 04:07:00,SKU019,55.0,,ios,b2c,2026-03-29 04:08:15
evt_0016374,usr_0498,add_to_cart,2026-03-29 02:22:00,SKU029,82.0,,web,b2c,2026-03-29 02:25:36
evt_0010989,usr_0339,add_to_cart,2026-03-29 20:34:00,SKU001,65.0,,ios,b2c,2026-03-29 20:42:17
evt_0016381,usr_0499,product_view,2026-03-28 18:31:00,SKU001,65.0,,web,b2c,2026-03-28 18:40:36
evt_0014470,usr_0446,product_view,2026-03-28 15:02:00,SKU029,82.0,,web,b2c,2026-03-28 15:07:56
evt_0004118,usr_0113,app_open,2026-03-29 06:13:00,,,,android,b2c,2026-03-29 06:14:10
evt_0020446,usr_0634,purchase,2026-03-29 03:10:00,SKU030,46.0,,ios,b2c,2026-03-29 03:11:18
evt_0023813,usr_0713,app_open,2026-03-29 14:18:00,,,,ios,b2c,2026-03-29 14:20:55
evt_0025430,usr_0764,app_open,2026-03-29 05:29:00,,,,ios,b2b,2026-03-29 05:30:35
evt_0024771,usr_0738,app_open,2026-03-28 08:20:00,,,,ios,b2c,2026-03-28 08:27:08
evt_0017355,usr_0527,app_open,2026-03-29 09:31:00,,,,ios,b2b,2026-03-29 09:39:31
evt_0018987,usr_0580,product_view,2026-03-29 08:16:00,SKU024,36.0,,ios,b2c,2026-03-29 08:16:34
evt_0006133,usr_0188,product_view,2026-03-29 03:12:00,SKU029,82.0,,android,b2c,2026-03-29 03:20:35
evt_0020781,usr_0641,product_view,2026-03-29 22:42:00,SKU006,49.0,,ios,b2c,2026-03-29 22:44:03
evt_0016210,usr_0496,product_view,2026-03-29 14:30:00,SKU017,68.0,,android,b2c,2026-03-29 14:36:45
evt_0012255,usr_0382,product_view,2026-03-29 02:03:00,SKU005,42.0,,android,b2c,2026-03-29 02:10:20
evt_0012645,usr_0408,product_view,2026-03-29 14:01:00,SKU004,55.0,,web,b2c,2026-03-29 14:09:48
evt_0014256,usr_0437,app_open,,,,,android,b2c,2026-03-29 23:59:00
evt_0090014,usr_0356,add_to_cart,2026-03-29 21:46:00,SKU031,72.0,,ios,b2c,2026-03-29 21:48:00
evt_0022726,usr_0687,add_to_cart,2026-03-29 17:18:00,SKU022,72.0,,ios,b2c,2026-03-29 17:25:11
evt_0025344,usr_0760,product_view,2026-03-29 15:23:00,SKU021,44.0,,ios,b2c,2026-03-29 15:26:21
evt_0025284,usr_0759,product_view,2026-03-29 22:05:00,SKU028,65.0,,android,b2b,2026-03-29 22:05:39
evt_0007194,usr_0232,product_view,2026-03-29 18:09:00,SKU008,55.0,,android,b2c,2026-03-29 18:09:51
evt_0004132,usr_0114,app_open,2026-03-29 01:09:00,,,,android,b2c,2026-03-29 01:09:14
evt_0014450,usr_0446,app_open,2026-03-29 17:19:00,,,,web,b2c,2026-03-29 17:25:45
evt_0013428,usr_0423,product_view,2026-03-29 03:37:00,SKU027,58.0,,ios,b2b,2026-03-29 03:40:51
evt_0007455,usr_0238,purchase,2026-03-28 23:24:00,SKU004,55.0,,android,b2c,2026-03-28 23:30:12
evt_0013435,usr_0423,app_open,2026-03-29 18:12:00,,,,ios,b2b,2026-03-29 18:19:57
evt_0025800,usr_0773,app_open,2026-03-29 12:45:00,,,,ios,b2b,2026-03-29 12:49:58
evt_0014820,usr_0457,purchase,2026-03-29 00:49:00,SKU018,78.0,,ios,b2c,2026-03-29 00:57:20
evt_0024638,usr_0736,app_open,2026-03-29 11:13:00,,,,ios,b2c,2026-03-29 11:18:36
evt_0013211,usr_0421,app_open,2026-03-29 12:50:00,,,,android,b2c,2026-03-29 12:50:38
evt_0003436,usr_0100,app_open,2026-03-28 06:45:00,,,,ios,b2c,2026-03-28 06:54:05
evt_0025492,usr_0764,app_open,2026-03-29 22:20:00,,,,ios,b2b,2026-03-29 22:26:56
evt_0004208,usr_0117,app_open,2026-03-29 04:57:00,,,,ios,b2b,2026-03-29 05:02:49
evt_0015751,usr_0484,app_open,2026-03-29 18:17:00,,,,android,b2c,2026-03-29 18:17:40
evt_0005134,usr_0155,app_open,2026-03-29 21:40:00,,,,ios,b2c,2026-03-29 21:42:59
evt_0019102,usr_0584,app_open,2026-03-29 09:04:00,,,,android,b2c,2026-03-29 09:13:17
evt_0006967,usr_0218,app_open,2026-03-28 17:41:00,,,,android,b2b,2026-03-28 17:50:44
evt_0022778,usr_0690,add_to_cart,2026-03-29 04:51:00,SKU026,48.0,,ios,b2c,2026-03-29 04:57:12
evt_0025111,usr_0748,product_view,2026-03-29 10:01:00,SKU001,65.0,,web,b2c,2026-03-29 10:06:36
evt_0022245,usr_0678,product_view,2026-03-29 05:05:00,SKU018,78.0,,web,b2b,2026-03-29 05:07:25
evt_0023872,usr_0713,product_view,2026-03-29 08:47:00,SKU004,55.0,,ios,b2c,2026-03-29 08:55:52
evt_0025460,usr_0764,purchase,2026-03-29 07:19:00,SKU001,65.0,,ios,b2b,2026-03-29 07:23:12
evt_0019924,usr_0621,purchase,2026-03-29 04:28:00,SKU026,48.0,,ios,b2c,2026-03-29 04:32:43
evt_0003440,usr_0100,app_open,2026-03-29 21:34:00,,,,ios,b2c,2026-03-29 21:43:23
evt_0008513,usr_0275,app_open,2026-03-29 11:46:00,,,,ios,b2c,2026-03-29 11:54:57
evt_0004877,usr_0147,product_view,2026-03-29 19:26:00,SKU018,78.0,,ios,b2b,2026-03-29 19:35:41
evt_0022874,usr_0691,product_view,2026-03-29 09:57:00,SKU020,38.0,,ios,b2c,2026-03-29 10:01:38
evt_0010081,usr_0314,purchase,2026-03-29 18:52:00,SKU006,49.0,,android,b2c,2026-03-29 18:55:06
evt_0016895,usr_0514,add_to_cart,2026-03-29 01:46:00,SKU025,89.0,,ios,b2c,2026-03-29 01:53:21
evt_0013582,usr_0424,add_to_cart,2026-03-28 23:48:00,SKU005,42.0,,ios,b2c,2026-03-28 23:49:46
evt_0018841,usr_0578,product_view,2026-03-29 21:33:00,SKU008,55.0,,ios,b2c,2026-03-29 21:42:24
evt_0023805,usr_0713,product_view,2026-03-29 10:18:00,SKU014,40.0,,ios,b2c,2026-03-29 10:19:03
evt_0003460,usr_0100,app_open,2026-03-29 19:03:00,,,,ios,b2c,2026-03-29 19:11:22
evt_0003265,usr_0097,product_view,,SKU012,48.0,,ios,b2b,2026-03-29 23:59:00
evt_0009184,usr_0291,product_view,2026-03-29 21:20:00,SKU026,48.0,,ios,b2c,2026-03-29 21:22:28
evt_0007713,usr_0245,app_open,,,,,web,b2c,2026-03-29 23:59:00
evt_0012614,usr_0408,product_view,2026-03-29 19:19:00,SKU019,55.0,,web,b2c,2026-03-29 19:22:55
evt_0022789,usr_0690,product_view,2026-03-29 03:37:00,SKU015,52.0,,ios,b2c,2026-03-29 03:44:54
evt_0013040,usr_0418,product_view,2026-03-29 21:57:00,SKU006,49.0,,android,b2c,2026-03-29 22:06:07
evt_0013011,usr_0418,app_open,2026-03-29 16:15:00,,,,android,b2c,2026-03-29 16:21:15
evt_0022898,usr_0691,app_open,2026-03-29 23:28:00,,,,ios,b2c,2026-03-29 23:32:02
evt_0021716,usr_0664,app_open,2026-03-29 11:56:00,,,,ios,b2b,2026-03-29 12:02:55
evt_0000470,usr_0011,product_view,2026-03-29 12:40:00,SKU006,49.0,,web,b2b,2026-03-29 12:46:07
evt_0018384,usr_0568,app_open,2026-03-29 20:28:00,,,,web,b2c,2026-03-29 20:31:56
evt_0090004,usr_0030,product_view,2026-03-29 10:49:00,SKU031,72.0,,web,b2c,2026-03-29 10:51:00
evt_0024671,usr_0736,add_to_cart,2026-03-29 14:57:00,SKU006,49.0,,ios,b2c,2026-03-29 15:03:52
evt_0090002,usr_0045,product_view,2026-03-29 12:31:00,SKU031,72.0,,ios,b2c,2026-03-29 12:33:00
evt_0003729,usr_0106,gift_send,2026-03-29 08:50:00,SKU030,46.0,rec_0052,ios,b2b,2026-03-29 08:53:16
evt_0090006,usr_0312,product_view,2026-03-29 15:56:00,SKU031,72.0,,android,b2c,2026-03-29 15:58:00
evt_0016297,usr_0498,purchase,2026-03-29 08:33:00,SKU017,68.0,,web,b2c,2026-03-29 08:36:50
evt_0000923,usr_0025,app_open,2026-03-29 21:08:00,,,,android,b2b,2026-03-29 21:16:25
evt_0019163,usr_0589,product_view,2026-03-29 03:25:00,SKU005,42.0,,ios,b2c,2026-03-29 03:26:48
evt_0006914,usr_0214,product_view,2026-03-29 15:51:00,SKU001,65.0,,android,b2c,2026-03-29 15:55:04
evt_0024691,usr_0736,purchase,2026-03-29 09:47:00,SKU006,49.0,,ios,b2c,2026-03-29 09:52:37
evt_0022877,usr_0691,app_open,2026-03-29 05:54:00,,,,ios,b2c,2026-03-29 06:01:29
evt_0022308,usr_0683,gift_send,2026-03-28 13:11:00,SKU016,120.0,rec_0189,android,b2c,2026-03-28 13:13:44
evt_0024068,usr_0716,product_view,2026-03-29 14:49:00,SKU018,78.0,,android,b2c,2026-03-29 14:52:26
evt_0025419,usr_0764,product_view,2026-03-29 06:21:00,SKU001,65.0,,ios,b2b,2026-03-29 06:21:59
evt_0016306,usr_0498,app_open,2026-03-29 03:50:00,,,,web,b2c,2026-03-29 03:57:34
evt_0022882,usr_0691,app_open,2026-03-29 09:06:00,,,,ios,b2c,2026-03-29 09:10:30
evt_0022237,usr_0678,product_view,2026-03-29 14:45:00,SKU018,78.0,,web,b2b,2026-03-29 14:52:16
evt_0022896,usr_0691,app_open,2026-03-29 07:57:00,,,,ios,b2c,2026-03-29 08:00:48
evt_0017370,usr_0527,purchase,2026-03-29 15:42:00,SKU018,78.0,,ios,b2b,2026-03-29 15:46:28
evt_0013657,usr_0428,purchase,,SKU005,42.0,,ios,b2b,2026-03-29 23:59:00
evt_0013083,usr_0418,product_view,2026-03-29 00:33:00,SKU006,49.0,,android,b2c,2026-03-29 00:37:33
evt_0005364,usr_0160,add_to_cart,,SKU030,46.0,,ios,b2c,2026-03-29 23:59:00
evt_0016251,usr_0496,add_to_cart,2026-03-29 01:33:00,SKU017,68.0,,android,b2c,2026-03-29 01:40:47
evt_0024713,usr_0736,app_open,,,,,ios,b2c,2026-03-29 23:59:00
evt_0021316,usr_0651,product_view,2026-03-29 15:08:00,SKU001,65.0,,android,b2c,2026-03-29 15:11:05
evt_0010732,usr_0330,app_open,2026-03-29 17:05:00,,,,ios,b2b,2026-03-29 17:08:53
evt_0018135,usr_0556,add_to_cart,2026-03-29 11:02:00,SKU024,36.0,,ios,b2b,2026-03-29 11:08:54
evt_0003479,usr_0100,product_view,2026-03-29 16:18:00,SKU023,35.0,,ios,b2c,2026-03-29 16:19:51
evt_0000100,usr_0001,app_open,2026-03-29 17:01:00,,,,web,b2c,2026-03-29 17:06:19
evt_0024103,usr_0716,purchase,2026-03-29 15:56:00,SKU018,78.0,,android,b2c,2026-03-29 15:59:43
evt_0020769,usr_0641,product_view,2026-03-29 21:11:00,SKU006,49.0,,ios,b2c,2026-03-29 21:20:58
evt_0014479,usr_0446,app_open,2026-03-28 21:06:00,,,,web,b2c,2026-03-28 21:09:45
evt_0014103,usr_0435,app_open,2026-03-29 13:42:00,,,,android,b2c,2026-03-29 13:49:44
evt_0021758,usr_0666,app_open,2026-03-28 14:02:00,,,,ios,b2b,2026-03-28 14:10:45
evt_0011613,usr_0356,app_open,2026-03-29 14:04:00,,,,ios,b2c,2026-03-29 14:07:50
evt_0003764,usr_0106,app_open,,,,,ios,b2b,2026-03-29 23:59:00
evt_0005604,usr_0164,product_view,2026-03-29 05:34:00,SKU010,95.0,,ios,b2c,2026-03-29 05:43:39
evt_0012984,usr_0418,app_open,2026-03-29 00:32:00,,,,android,b2c,2026-03-29 00:39:53
evt_0009348,usr_0293,app_open,2026-03-28 19:38:00,,,,ios,b2c,2026-03-28 19:42:44
evt_0018682,usr_0575,purchase,2026-03-29 22:59:00,SKU019,55.0,,web,b2b,2026-03-29 22:59:19
evt_0011549,usr_0353,app_open,2026-03-29 12:46:00,,,,ios,b2c,2026-03-29 12:49:59
evt_0009511,usr_0298,product_view,2026-03-28 17:48:00,SKU005,42.0,,android,b2b,2026-03-28 17:48:52
evt_0014318,usr_0439,product_view,2026-03-29 04:46:00,SKU028,65.0,,ios,b2c,2026-03-29 04:51:15
evt_0007387,usr_0236,gift_send,2026-03-29 05:23:00,SKU004,55.0,rec_0273,ios,b2c,2026-03-29 05:24:50
evt_0002382,usr_0068,add_to_cart,2026-03-29 19:32:00,SKU030,46.0,,ios,b2b,2026-03-29 19:34:52
evt_0010663,usr_0327,purchase,2026-03-29 14:49:00,SKU001,65.0,,android,b2c,2026-03-29 14:58:51
evt_0017547,usr_0533,app_open,2026-03-29 10:22:00,,,,android,b2b,2026-03-29 10:28:22
evt_0017470,usr_0530,app_open,2026-03-29 00:39:00,,,,android,b2c,2026-03-29 00:39:02
evt_0001764,usr_0049,product_view,2026-03-29 00:01:00,SKU006,49.0,,ios,b2c,2026-03-29 00:05:35
evt_0017353,usr_0527,app_open,2026-03-29 08:08:00,,,,ios,b2b,2026-03-29 08:16:27
evt_0000458,usr_0011,purchase,2026-03-28 19:50:00,SKU008,55.0,,web,b2b,2026-03-28 19:58:32
evt_0025979,usr_0784,add_to_cart,2026-03-29 06:49:00,SKU029,82.0,,ios,b2b,2026-03-29 06:52:53
evt_0014995,usr_0464,GIFT_SEND,2026-03-29 15:33:00,SKU013,32.0,rec_0116,web,b2c,2026-03-29 15:33:16
evt_0015789,usr_0484,app_open,2026-03-29 03:46:00,,,,android,b2c,2026-03-29 03:46:16
evt_0009104,usr_0290,app_open,2026-03-29 08:56:00,,,,ios,b2b,2026-03-29 09:05:11
evt_0004269,usr_0118,gift_send,2026-03-29 22:01:00,SKU014,40.0,rec_0106,web,b2b,2026-03-29 22:04:00
evt_0018096,usr_0556,product_view,,SKU024,36.0,,ios,b2b,2026-03-29 23:59:00
evt_0013266,usr_0422,product_view,2026-03-29 00:45:00,SKU020,38.0,,ios,b2c,2026-03-29 00:47:34
evt_0004418,usr_0123,app_open,2026-03-29 21:49:00,,,,ios,b2b,2026-03-29 21:50:53
evt_0022937,usr_0692,app_open,2026-03-29 09:36:00,,,,ios,b2c,2026-03-29 09:41:42
evt_0014464,usr_0446,product_view,2026-03-29 10:05:00,SKU010,95.0,,web,b2c,2026-03-29 10:10:19
evt_0014322,usr_0439,product_view,2026-03-29 12:29:00,SKU021,44.0,,ios,b2c,2026-03-29 12:33:53
evt_0007404,usr_0237,app_open,2026-03-29 14:11:00,,,,ios,b2b,2026-03-29 14:18:18
evt_0020319,usr_0631,app_open,2026-03-29 02:28:00,,,,web,b2c,2026-03-29 02:33:57
evt_0005268,usr_0157,product_view,2026-03-29 20:18:00,SKU012,48.0,,android,b2c,2026-03-29 20:22:31
evt_0026241,usr_0789,add_to_cart,2026-03-29 00:07:00,SKU026,48.0,,web,b2c,2026-03-29 00:11:44
evt_0026218,usr_0789,app_open,2026-03-29 22:19:00,,,,web,b2c,2026-03-29 22:25:04
evt_0000461,usr_0011,gift_send,2026-03-29 02:23:00,SKU006,49.0,rec_0194,web,b2b,2026-03-29 02:28:48
evt_0003665,usr_0105,add_to_cart,2026-03-29 02:35:00,SKU005,42.0,,ios,b2b,2026-03-29 02:40:45
evt_0007607,usr_0241,product_view,2026-03-29 21:49:00,SKU006,49.0,,web,b2b,2026-03-29 21:54:50
evt_0003763,usr_0106,app_open,2026-03-29 13:01:00,,,,ios,b2b,2026-03-29 13:06:39
evt_0026179,usr_0789,product_view,2026-03-29 11:34:00,SKU003,38.0,,web,b2c,2026-03-29 11:34:03
evt_0007708,usr_0245,app_open,2026-03-29 01:07:00,,,,web,b2c,2026-03-29 01:08:50
evt_0022767,usr_0690,app_open,2026-03-28 07:53:00,,,,ios,b2c,2026-03-28 08:02:54
evt_0006517,usr_0198,app_open,2026-03-28 09:06:00,,,,web,b2b,2026-03-28 09:06:06
evt_0004278,usr_0118,purchase,2026-03-29 10:08:00,SKU014,40.0,,web,b2b,2026-03-29 10:17:38
evt_0017766,usr_0541,app_open,2026-03-29 01:20:00,,,,android,b2c,2026-03-29 01:26:04
evt_0013000,usr_0418,product_view,2026-03-29 22:25:00,SKU018,78.0,,android,b2c,2026-03-29 22:30:44
evt_0013014,usr_0418,gift_send,2026-03-29 07:15:00,SKU018,78.0,rec_0140,android,b2c,2026-03-29 07:21:03
evt_0003474,usr_0100,app_open,2026-03-29 12:42:00,,,,ios,b2c,2026-03-29 12:48:37
evt_0011922,usr_0370,product_view,2026-03-29 05:44:00,SKU011,75.0,,ios,b2c,2026-03-29 05:50:06
evt_0020950,usr_0644,gift_send,2026-03-29 06:48:00,SKU030,46.0,rec_0213,ios,b2b,2026-03-29 06:50:03
evt_0014482,usr_0446,gift_send,2026-03-29 10:12:00,SKU010,95.0,rec_0298,web,b2c,2026-03-29 10:12:50
evt_0009023,usr_0288,product_view,2026-03-29 09:53:00,SKU001,65.0,,ios,b2b,2026-03-29 09:55:05
evt_0025084,usr_0748,product_view,2026-03-29 06:23:00,SKU001,65.0,,web,b2c,2026-03-29 06:32:05
evt_0010496,usr_0323,product_view,2026-03-29 08:29:00,SKU006,49.0,,ios,b2b,2026-03-29 08:29:36
evt_0004946,usr_0147,product_view,2026-03-29 02:33:00,SKU018,78.0,,ios,b2b,2026-03-29 02:40:46
evt_0025343,usr_0760,purchase,2026-03-29 17:31:00,SKU002,45.0,,ios,b2c,2026-03-29 17:38:42
evt_0005148,usr_0155,app_open,2026-03-29 22:22:00,,,,ios,b2c,2026-03-29 22:22:20
evt_0007789,usr_0251,app_open,2026-03-29 17:23:00,,,,ios,b2c,2026-03-29 17:29:07
evt_0004813,usr_0145,product_view,2026-03-29 17:33:00,SKU018,78.0,,ios,b2c,2026-03-29 17:36:06
evt_0010758,usr_0330,purchase,2026-03-29 14:15:00,SKU015,52.0,,ios,b2b,2026-03-29 14:19:43
evt_0001734,usr_0048,app_open,2026-03-29 21:51:00,,,,android,b2c,2026-03-29 21:55:48
evt_0024939,usr_0745,add_to_cart,2026-03-29 05:23:00,SKU028,65.0,,web,b2c,2026-03-29 05:30:47
evt_0022314,usr_0683,app_open,2026-03-29 20:29:00,,,,android,b2c,2026-03-29 20:34:02
evt_0012806,usr_0414,gift_send,2026-03-29 05:25:00,SKU008,55.0,rec_0041,android,b2c,2026-03-29 05:34:52
evt_0012259,usr_0382,app_open,2026-03-29 09:12:00,,,,android,b2c,2026-03-29 09:21:24
evt_0090008,usr_0204,product_view,2026-03-29 11:32:00,SKU031,72.0,,ios,b2c,2026-03-29 11:34:00
evt_0023245,usr_0701,add_to_cart,2026-03-29 18:02:00,SKU006,49.0,,ios,b2c,2026-03-29 18:04:32
evt_0016956,usr_0519,add_to_cart,2026-03-29 19:26:00,SKU006,49.0,,ios,b2c,2026-03-29 19:29:44
evt_0025410,usr_0764,product_view,2026-03-29 10:26:00,SKU001,65.0,,ios,b2b,2026-03-29 10:33:24
evt_0013444,usr_0423,product_view,2026-03-29 13:56:00,SKU017,68.0,,ios,b2b,2026-03-29 13:56:42
evt_0000903,usr_0025,app_open,2026-03-29 05:27:00,,,,android,b2b,2026-03-29 05:33:40
evt_0008710,usr_0284,gift_send,2026-03-29 09:02:00,SKU004,55.0,rec_0075,android,b2b,2026-03-29 09:05:37
evt_0017673,usr_0539,app_open,2026-03-29 02:52:00,,,,ios,b2c,2026-03-29 02:55:42
evt_0007747,usr_0247,product_view,2026-03-29 07:02:00,SKU005,42.0,,web,b2c,2026-03-29 07:11:53
evt_0003356,usr_0100,purchase,2026-03-29 23:29:00,SKU014,40.0,,ios,b2c,2026-03-29 23:37:02
evt_0009145,usr_0291,product_view,2026-03-29 10:35:00,SKU006,49.0,,ios,b2c,2026-03-29 10:42:58
evt_0012092,usr_0376,add_to_cart,2026-03-29 20:54:00,SKU007,85.0,,android,b2b,2026-03-29 20:56:03
evt_0012985,usr_0418,app_open,2026-03-28 04:54:00,,,,android,b2c,2026-03-28 04:59:35
evt_0019177,usr_0589,product_view,2026-03-29 07:43:00,SKU009,60.0,,ios,b2c,2026-03-29 07:48:55
evt_0015010,usr_0464,app_open,2026-03-29 02:11:00,,,,web,b2c,2026-03-29 02:16:53
evt_0017344,usr_0527,product_view,2026-03-29 14:57:00,SKU018,78.0,,ios,b2b,2026-03-29 14:58:02
evt_0022768,usr_0690,add_to_cart,2026-03-29 04:20:00,SKU011,75.0,,ios,b2c,2026-03-29 04:28:16
evt_0016300,usr_0498,app_open,2026-03-29 20:19:00,,,,web,b2c,2026-03-29 20:25:14
evt_0012814,usr_0415,product_view,2026-03-29 02:00:00,SKU004,55.0,,ios,b2c,2026-03-29 02:01:23
evt_0016906,usr_0514,app_open,2026-03-29 09:03:00,,,,ios,b2c,2026-03-29 09:06:40
evt_0014308,usr_0439,app_open,2026-03-29 11:53:00,,,,ios,b2c,2026-03-29 11:57:42
evt_0000030,usr_0000,product_view,2026-03-29 15:36:00,SKU016,120.0,,ios,b2c,2026-03-29 15:43:39
evt_0005261,usr_0157,product_view,2026-03-29 20:45:00,SKU012,48.0,,android,b2c,2026-03-29 20:50:10
evt_0020928,usr_0643,app_open,2026-03-29 09:03:00,,,,ios,b2c,2026-03-29 09:11:30
evt_0005229,usr_0157,product_view,2026-03-29 21:41:00,SKU023,35.0,,android,b2c,2026-03-29 21:41:16
evt_0022887,usr_0691,product_view,2026-03-29 20:04:00,SKU020,38.0,,ios,b2c,2026-03-29 20:06:23
evt_0012452,usr_0396,app_open,2026-03-29 05:39:00,,,,web,b2b,2026-03-29 05:39:30
evt_0004828,usr_0146,product_view,2026-03-29 20:51:00,SKU029,82.0,,android,b2c,2026-03-29 20:52:26
evt_0022209,usr_0678,product_view,2026-03-28 12:59:00,SKU001,65.0,,web,b2b,2026-03-28 13:07:20
evt_0009207,usr_0291,app_open,2026-03-29 08:35:00,,,,ios,b2c,2026-03-29 08:41:16
evt_0017980,usr_0552,app_open,2026-03-29 04:19:00,,,,android,b2c,2026-03-29 04:26:57
evt_0000902,usr_0025,app_open,2026-03-29 01:13:00,,,,android,b2b,2026-03-29 01:19:14
evt_0013071,usr_0418,product_view,2026-03-29 22:08:00,SKU006,49.0,,android,b2c,2026-03-29 22:09:12
evt_0009219,usr_0291,product_view,2026-03-29 23:12:00,SKU026,48.0,,ios,b2c,2026-03-29 23:16:17
evt_0022861,usr_0691,app_open,2026-03-29 02:38:00,,,,ios,b2c,2026-03-29 02:41:27
evt_0010957,usr_0339,product_view,2026-03-29 17:00:00,SKU001,65.0,,ios,b2c,2026-03-29 17:05:57
evt_0011166,usr_0341,GIFT_SEND,2026-03-29 17:25:00,SKU028,65.0,rec_0179,ios,b2c,2026-03-29 17:32:55
evt_0010293,usr_0318,product_view,2026-03-29 18:21:00,SKU006,49.0,,ios,b2c,2026-03-29 18:21:47
evt_0008231,usr_0269,product_view,2026-03-29 20:05:00,SKU026,48.0,,ios,b2c,2026-03-29 20:07:24
evt_0090016,usr_0723,purchase,2026-03-29 11:30:00,SKU031,72.0,,ios,b2c,2026-03-29 11:32:00
evt_0022114,usr_0675,app_open,2026-03-29 18:58:00,,,,web,b2c,2026-03-29 19:03:40
evt_0005244,usr_0157,app_open,2026-03-29 12:20:00,,,,android,b2c,2026-03-29 12:28:33
evt_0019394,usr_0598,product_view,2026-03-29 02:07:00,SKU025,89.0,,ios,b2c,2026-03-29 02:10:13
evt_0016224,usr_0496,product_view,2026-03-29 15:17:00,SKU017,68.0,,android,b2c,2026-03-29 15:18:34
evt_0013042,usr_0418,product_view,2026-03-29 02:52:00,SKU018,78.0,,android,b2c,2026-03-29 02:59:56
evt_0004091,usr_0112,app_open,,,,,web,b2c,2026-03-29 23:59:00
evt_0025981,usr_0784,product_view,2026-03-29 17:48:00,SKU010,95.0,,ios,b2b,2026-03-29 17:49:32
evt_0022188,usr_0678,app_open,2026-03-29 04:29:00,,,,web,b2b,2026-03-29 04:31:41
evt_0025709,usr_0769,product_view,2026-03-29 10:15:00,SKU029,82.0,,android,b2c,2026-03-29 10:22:40
evt_0009738,usr_0302,app_open,2026-03-28 11:43:00,,,,android,b2b,2026-03-28 11:49:00
evt_0025517,usr_0764,app_open,2026-03-29 15:01:00,,,,ios,b2b,2026-03-29 15:02:01
evt_0024315,usr_0725,app_open,2026-03-29 12:36:00,,,,android,b2c,2026-03-29 12:42:21
evt_0014355,usr_0440,app_open,2026-03-29 03:49:00,,,,ios,b2b,2026-03-29 03:53:22
evt_0013067,usr_0418,product_view,2026-03-29 04:43:00,SKU018,78.0,,android,b2c,2026-03-29 04:50:10
evt_0005247,usr_0157,purchase,2026-03-29 07:16:00,SKU014,40.0,,android,b2c,2026-03-29 07:22:24
evt_0016409,usr_0500,product_view,2026-03-29 19:02:00,SKU006,49.0,,android,b2c,2026-03-29 19:03:15
evt_0003445,usr_0100,purchase,2026-03-29 10:44:00,SKU012,48.0,,ios,b2c,2026-03-29 10:51:30
evt_0005133,usr_0155,add_to_cart,2026-03-29 02:16:00,SKU010,95.0,,ios,b2c,2026-03-29 02:20:25
evt_0015980,usr_0487,purchase,2026-03-29 16:32:00,SKU024,36.0,,ios,b2c,2026-03-29 16:36:33
evt_0022114,usr_0675,app_open,2026-03-29 18:58:00,,,,web,b2c,2026-03-29 19:03:40
evt_0024084,usr_0716,app_open,2026-03-29 18:10:00,,,,android,b2c,2026-03-29 18:12:32
evt_0002234,usr_0065,app_open,2026-03-29 11:48:00,,,,android,b2c,2026-03-29 11:50:38
evt_0009242,usr_0291,app_open,2026-03-28 11:05:00,,,,ios,b2c,2026-03-28 11:06:16
evt_0011516,usr_0353,product_view,2026-03-29 20:53:00,SKU011,75.0,,ios,b2c,2026-03-29 20:56:28
evt_0021590,usr_0663,gift_send,2026-03-29 02:01:00,SKU006,49.0,rec_0164,ios,b2c,2026-03-29 02:06:14
evt_0018995,usr_0580,gift_send,2026-03-29 22:51:00,SKU021,44.0,rec_0047,ios,b2c,2026-03-29 22:51:39
evt_0025284,usr_0759,product_view,2026-03-29 22:05:00,SKU028,65.0,,android,b2b,2026-03-29 22:05:39
evt_0022892,usr_0691,product_view,2026-03-29 10:07:00,SKU020,38.0,,ios,b2c,2026-03-29 10:08:11
evt_0014586,usr_0448,purchase,2026-03-29 04:09:00,SKU028,65.0,,ios,b2b,2026-03-29 04:17:25
evt_0025476,usr_0764,product_view,2026-03-29 10:02:00,SKU001,65.0,,ios,b2b,2026-03-29 10:10:17
evt_0019792,usr_0618,product_view,2026-03-29 15:10:00,SKU009,60.0,,android,b2c,2026-03-29 15:10:55
evt_0010788,usr_0330,app_open,2026-03-29 03:25:00,,,,ios,b2b,2026-03-29 03:27:05
evt_0009252,usr_0291,app_open,2026-03-29 04:19:00,,,,ios,b2c,2026-03-29 04:23:56
evt_0003580,usr_0101,product_view,2026-03-29 15:16:00,SKU001,65.0,,android,b2c,2026-03-29 15:22:11
evt_0000309,usr_0007,product_view,2026-03-28 23:16:00,SKU017,68.0,,web,b2b,2026-03-28 23:16:21
evt_0024943,usr_0745,add_to_cart,,SKU028,65.0,,web,b2c,2026-03-29 23:59:00
evt_0016250,usr_0496,add_to_cart,2026-03-28 14:03:00,SKU017,68.0,,android,b2c,2026-03-28 14:08:06
evt_0013032,usr_0418,app_open,2026-03-29 07:38:00,,,,android,b2c,2026-03-29 07:43:17
evt_0008365,usr_0274,add_to_cart,2026-03-29 18:01:00,SKU020,38.0,,ios,b2b,2026-03-29 18:05:39
evt_0005845,usr_0178,add_to_cart,2026-03-29 14:40:00,SKU011,75.0,,web,b2c,2026-03-29 14:45:38
evt_0001538,usr_0043,product_view,2026-03-29 18:01:00,SKU029,82.0,,web,b2b,2026-03-29 18:04:47
evt_0023739,usr_0711,app_open,2026-03-29 06:01:00,,,,android,b2c,2026-03-29 06:09:08
evt_0019253,usr_0589,product_view,2026-03-29 22:44:00,SKU021,44.0,,ios,b2c,2026-03-29 22:51:26
evt_0011368,usr_0344,app_open,2026-03-29 04:55:00,,,,ios,b2c,2026-03-29 05:03:28
evt_0022919,usr_0692,product_view,2026-03-29 00:01:00,SKU008,55.0,,ios,b2c,2026-03-29 00:06:44
evt_0004135,usr_0114,app_open,2026-03-29 01:29:00,,,,android,b2c,2026-03-29 01:29:12
evt_0006764,usr_0210,product_view,2026-03-29 08:07:00,SKU008,55.0,,android,b2c,2026-03-29 08:15:58
evt_0023078,usr_0695,app_open,2026-03-29 12:26:00,,,,android,b2c,2026-03-29 12:34:43
evt_0018901,usr_0580,app_open,2026-03-29 01:40:00,,,,ios,b2c,2026-03-29 01:47:53
evt_0017360,usr_0527,product_view,2026-03-29 21:29:00,SKU018,78.0,,ios,b2b,2026-03-29 21:31:47
evt_0001706,usr_0047,app_open,2026-03-29 19:27:00,,,,android,b2b,2026-03-29 19:36:51
evt_0006756,usr_0209,app_open,2026-03-29 05:00:00,,,,ios,b2c,2026-03-29 05:02:49
evt_0022870,usr_0691,product_view,2026-03-29 07:26:00,SKU020,38.0,,ios,b2c,2026-03-29 07:27:30
evt_0000009,usr_0000,app_open,2026-03-29 06:01:00,,,,ios,b2c,2026-03-29 06:07:43
evt_0015396,usr_0469,gift_send,2026-03-29 22:24:00,SKU001,65.0,rec_0034,web,b2c,2026-03-29 22:27:09
evt_0025450,usr_0764,app_open,2026-03-29 23:47:00,,,,ios,b2b,2026-03-29 23:55:48
evt_0005553,usr_0163,product_view,2026-03-29 13:49:00,SKU012,48.0,,android,b2c,2026-03-29 13:56:09
evt_0014324,usr_0439,app_open,2026-03-29 23:17:00,,,,ios,b2c,2026-03-29 23:17:43
evt_0008734,usr_0284,app_open,2026-03-29 09:59:00,,,,android,b2b,2026-03-29 10:03:13
evt_0000477,usr_0011,app_open,2026-03-29 10:29:00,,,,web,b2b,2026-03-29 10:38:20
evt_0090000,usr_0003,product_view,2026-03-29 18:31:00,SKU031,72.0,,ios,b2c,2026-03-29 18:33:00
evt_0014448,usr_0445,product_view,2026-03-29 20:19:00,SKU014,40.0,,web,b2c,2026-03-29 20:28:02
evt_0004116,usr_0113,gift_send,2026-03-29 07:41:00,SKU006,49.0,rec_0242,android,b2c,2026-03-29 07:49:34
evt_0024872,usr_0743,product_view,2026-03-29 04:34:00,SKU012,48.0,,ios,b2c,2026-03-29 04:43:42
evt_0022831,usr_0690,gift_send,2026-03-28 13:20:00,SKU018,78.0,rec_0094,ios,b2c,2026-03-28 13:20:15
evt_0017167,usr_0522,purchase,2026-03-29 21:02:00,SKU010,95.0,,web,b2b,2026-03-29 21:08:49
evt_0012193,usr_0379,add_to_cart,2026-03-29 23:45:00,SKU029,82.0,,ios,b2c,2026-03-29 23:49:14
evt_0010411,usr_0322,app_open,2026-03-29 02:02:00,,,,android,b2b,2026-03-29 02:06:06
evt_0090010,usr_0239,add_to_cart,2026-03-29 14:31:00,SKU031,72.0,,web,b2c,2026-03-29 14:33:00
evt_0013051,usr_0418,product_view,2026-03-29 15:19:00,SKU006,49.0,,android,b2c,2026-03-29 15:21:46
evt_0021143,usr_0648,app_open,2026-03-29 02:25:00,,,,android,b2b,2026-03-29 02:26:15
evt_0006976,usr_0222,app_open,2026-03-29 13:31:00,,,,ios,b2b,2026-03-29 13:35:03
evt_0019861,usr_0619,add_to_cart,2026-03-29 08:21:00,SKU003,38.0,,android,b2b,2026-03-29 08:24:39
evt_0008433,usr_0275,purchase,2026-03-29 10:42:00,SKU012,48.0,,ios,b2c,2026-03-29 10:49:28
evt_0008631,usr_0279,purchase,2026-03-29 20:56:00,SKU023,35.0,,android,b2b,2026-03-29 20:56:14
evt_0012869,usr_0416,product_view,2026-03-29 21:29:00,SKU017,68.0,,ios,b2c,2026-03-29 21:30:37
evt_0024850,usr_0743,app_open,,,,,ios,b2c,2026-03-29 23:59:00
evt_0003235,usr_0097,product_view,2026-03-29 08:21:00,SKU012,48.0,,ios,b2b,2026-03-29 08:25:19
evt_0022902,usr_0691,product_view,2026-03-29 11:30:00,SKU020,38.0,,ios,b2c,2026-03-29 11:38:48
evt_0025537,usr_0764,app_open,2026-03-29 16:03:00,,,,ios,b2b,2026-03-29 16:03:41
evt_0022942,usr_0692,product_view,2026-03-29 15:51:00,SKU008,55.0,,ios,b2c,2026-03-29 16:00:37
evt_0011723,usr_0360,app_open,2026-03-29 14:09:00,,,,ios,b2b,2026-03-29 14:14:21
evt_0003947,usr_0108,add_to_cart,2026-03-29 11:57:00,SKU028,65.0,,ios,b2c,2026-03-29 12:00:58
evt_0006359,usr_0196,app_open,2026-03-29 08:18:00,,,,android,b2b,2026-03-29 08:18:51
evt_0016020,usr_0491,product_view,2026-03-28 22:01:00,SKU008,55.0,,android,b2c,2026-03-28 22:05:28
evt_0009249,usr_0291,add_to_cart,2026-03-29 23:11:00,SKU006,49.0,,ios,b2c,2026-03-29 23:18:34
evt_0022901,usr_0691,product_view,2026-03-29 16:11:00,SKU020,38.0,,ios,b2c,2026-03-29 16:13:41
evt_0003041,usr_0088,product_view,2026-03-29 18:27:00,SKU028,65.0,,web,b2c,2026-03-29 18:36:10
evt_0016885,usr_0514,app_open,2026-03-28 21:59:00,,,,ios,b2c,2026-03-28 22:02:09
evt_0025998,usr_0785,product_view,2026-03-29 11:01:00,SKU012,48.0,,web,b2c,2026-03-29 11:09:10
evt_0019945,usr_0621,product_view,2026-03-29 03:31:00,SKU013,32.0,,ios,b2c,2026-03-29 03:40:04
evt_0014960,usr_0462,add_to_cart,2026-03-29 18:18:00,SKU001,65.0,,android,b2c,2026-03-29 18:18:45
evt_0008772,usr_0284,app_open,2026-03-29 21:02:00,,,,android,b2b,2026-03-29 21:02:37
evt_0001765,usr_0049,app_open,2026-03-29 12:48:00,,,,ios,b2c,2026-03-29 12:49:22
evt_0022812,usr_0690,product_view,2026-03-29 18:28:00,SKU026,48.0,,ios,b2c,2026-03-29 18:30:29
evt_0022335,usr_0683,app_open,2026-03-28 23:37:00,,,,android,b2c,2026-03-28 23:39:42
evt_0006305,usr_0193,product_view,2026-03-29 19:30:00,SKU012,48.0,,android,b2c,2026-03-29 19:38:15
evt_0001773,usr_0049,app_open,2026-03-29 15:29:00,,,,ios,b2c,2026-03-29 15:35:36
evt_0009166,usr_0291,app_open,2026-03-29 02:13:00,,,,ios,b2c,2026-03-29 02:18:31
evt_0018812,usr_0578,product_view,2026-03-29 18:29:00,SKU018,78.0,,ios,b2c,2026-03-29 18:31:48
evt_0023057,usr_0695,app_open,2026-03-29 12:33:00,,,,android,b2c,2026-03-29 12:42:30
evt_0012806,usr_0414,gift_send,2026-03-29 05:25:00,SKU008,55.0,rec_0041,android,b2c,2026-03-29 05:34:52
evt_0022853,usr_0690,app_open,2026-03-29 06:14:00,,,,ios,b2c,2026-03-29 06:20:29
evt_0009833,usr_0303,app_open,2026-03-29 23:40:00,,,,android,b2b,2026-03-29 23:41:19
evt_0014655,usr_0452,product_view,2026-03-29 05:10:00,SKU021,44.0,,ios,b2c,2026-03-29 05:14:13
evt_0025462,usr_0764,product_view,2026-03-29 01:15:00,SKU001,65.0,,ios,b2b,2026-03-29 01:19:24
evt_0000463,usr_0011,add_to_cart,2026-03-29 18:14:00,SKU006,49.0,,web,b2b,2026-03-29 18:22:01
evt_0013002,usr_0418,product_view,2026-03-29 12:58:00,SKU018,78.0,,android,b2c,2026-03-29 13:06:55
evt_0026143,usr_0788,app_open,,,,,ios,b2c,2026-03-29 23:59:00
evt_0012602,usr_0406,app_open,2026-03-29 01:53:00,,,,ios,b2c,2026-03-29 01:54:06
evt_0009183,usr_0291,app_open,2026-03-29 05:44:00,,,,ios,b2c,2026-03-29 05:50:04
evt_0008882,usr_0285,app_open,2026-03-29 07:03:00,,,,ios,b2c,2026-03-29 07:08:46
evt_0017142,usr_0522,app_open,2026-03-28 19:57:00,,,,web,b2b,2026-03-28 20:03:35
evt_0009250,usr_0291,app_open,2026-03-28 09:25:00,,,,ios,b2c,2026-03-28 09:31:49
evt_0020418,usr_0633,app_open,2026-03-29 07:47:00,,,,android,b2c,2026-03-29 07:49:28
evt_0015218,usr_0466,app_open,2026-03-29 18:28:00,,,,ios,b2c,2026-03-29 18:30:04
evt_0003471,usr_0100,gift_send,2026-03-28 19:58:00,SKU012,48.0,rec_0108,ios,b2c,2026-03-28 20:04:20
evt_0000754,usr_0021,purchase,2026-03-29 13:31:00,SKU009,60.0,,ios,b2c,2026-03-29 13:38:40
evt_0017106,usr_0522,product_view,2026-03-29 20:37:00,SKU010,95.0,,web,b2b,2026-03-29 20:43:12
evt_0009146,usr_0291,add_to_cart,2026-03-29 17:47:00,SKU030,46.0,,ios,b2c,2026-03-29 17:52:03
evt_0001762,usr_0049,app_open,2026-03-29 19:35:00,,,,ios,b2c,2026-03-29 19:44:19
evt_0009149,usr_0291,app_open,2026-03-29 08:18:00,,,,ios,b2c,2026-03-29 08:22:22
evt_0016242,usr_0496,app_open,2026-03-29 03:27:00,,,,android,b2c,2026-03-29 03:30:06
evt_0005794,usr_0177,app_open,2026-03-28 15:40:00,,,,ios,b2c,2026-03-28 15:45:01
evt_0014314,usr_0439,product_view,2026-03-29 07:59:00,SKU027,58.0,,ios,b2c,2026-03-29 08:00:26
evt_0011397,usr_0345,product_view,2026-03-29 15:32:00,SKU030,46.0,,android,b2b,2026-03-29 15:41:24
evt_0005507,usr_0162,app_open,2026-03-29 22:58:00,,,,android,b2c,2026-03-29 23:05:58
evt_0020068,usr_0622,app_open,2026-03-28 22:44:00,,,,ios,b2c,2026-03-28 22:47:25
evt_0001278,usr_0029,product_view,2026-03-29 04:04:00,SKU004,55.0,,ios,b2c,2026-03-29 04:04:11
evt_0022317,usr_0683,app_open,2026-03-29 12:54:00,,,,android,b2c,2026-03-29 12:57:31
evt_0023587,usr_0707,app_open,2026-03-29 20:27:00,,,,android,b2c,2026-03-29 20:35:01
evt_0014447,usr_0445,app_open,2026-03-29 17:44:00,,,,web,b2c,2026-03-29 17:45:05
evt_0016722,usr_0508,product_view,2026-03-29 11:34:00,SKU022,72.0,,web,b2c,2026-03-29 11:35:19
